                  epoch,         train/box_loss,         train/cls_loss,         train/dfl_loss,   metrics/precision(B),      metrics/recall(B),       metrics/mAP50(B),    metrics/mAP50-95(B),           val/box_loss,           val/cls_loss,           val/dfl_loss,                 lr/pg0,                 lr/pg1,                 lr/pg2
                      1,                0.89006,                0.67441,                 1.0306,                0.82238,                 0.8392,                0.85022,                0.60429,                0.70056,                0.38437,                0.96738,             0.00055456,             0.00055456,             0.00055456
                      2,                0.84925,                0.51813,                 1.0105,                0.82923,                0.89142,                0.86099,                0.61496,                0.70351,                0.35903,                0.97034,              0.0008904,              0.0008904,              0.0008904
                      3,                 0.8267,                0.48975,                 1.0046,                0.74549,                0.82015,                0.79615,                0.60803,                 0.6697,                0.34986,                0.95315,              0.0010062,              0.0010062,              0.0010062
                      4,                 0.7923,                0.44796,                0.98622,                 0.8072,                0.93015,                0.88952,                 0.6569,                0.64922,                0.31112,                 0.9423,              0.0006768,              0.0006768,              0.0006768
                      5,                0.75979,                0.41155,                0.97252,                0.87983,                 0.9133,                0.91496,                0.68457,                0.65444,                0.29384,                0.93771,             0.00034674,             0.00034674,             0.00034674
